{"ID":"N0","X":-7.171,"Y":11.352,"Z":0.0}
{"ID":"N1","X":-7.171,"Y":11.352,"Z":0.2}
{"ID":"N2","X":-7.171,"Y":11.352,"Z":3.0}
{"ID":"N3","X":-7.171,"Y":11.352,"Z":3.2}
{"ID":"N4","X":-7.171,"Y":11.352,"Z":5.8}
{"ID":"N5","X":3.26,"Y":6.842,"Z":0.0}
{"ID":"N6","X":3.26,"Y":6.842,"Z":0.2}
{"ID":"N7","X":3.26,"Y":6.842,"Z":3.0}
{"ID":"N8","X":3.26,"Y":6.842,"Z":3.2}
{"ID":"N9","X":3.26,"Y":6.842,"Z":5.8}
{"ID":"N10","X":0.0,"Y":1.995,"Z":0.0}
{"ID":"N11","X":0.0,"Y":1.995,"Z":0.2}
{"ID":"N12","X":0.0,"Y":1.995,"Z":3.0}
{"ID":"N13","X":0.0,"Y":1.995,"Z":3.2}
{"ID":"N14","X":0.0,"Y":1.995,"Z":5.8}
{"ID":"N15","X":1.268,"Y":6.842,"Z":0.0}
{"ID":"N16","X":1.268,"Y":6.842,"Z":0.2}
{"ID":"N17","X":1.268,"Y":6.842,"Z":3.0}
{"ID":"N18","X":1.268,"Y":6.842,"Z":3.2}
{"ID":"N19","X":1.268,"Y":6.842,"Z":5.8}
{"ID":"N20","X":8.351,"Y":3.832,"Z":0.0}
{"ID":"N21","X":8.351,"Y":3.832,"Z":0.2}
{"ID":"N22","X":8.351,"Y":3.832,"Z":3.0}
{"ID":"N23","X":8.351,"Y":3.832,"Z":3.2}
{"ID":"N24","X":8.351,"Y":3.832,"Z":5.8}
{"ID":"N25","X":11.612,"Y":3.832,"Z":0.0}
{"ID":"N26","X":11.612,"Y":3.832,"Z":0.2}
{"ID":"N27","X":11.612,"Y":3.832,"Z":2.224145}
{"ID":"N28","X":11.612,"Y":3.832,"Z":2.424145}
{"ID":"N29","X":11.612,"Y":3.832,"Z":4.24829}
{"ID":"N30","X":8.351,"Y":5.642,"Z":0.0}
{"ID":"N31","X":8.351,"Y":5.642,"Z":0.2}
{"ID":"N32","X":8.351,"Y":5.642,"Z":3.0}
{"ID":"N33","X":8.351,"Y":5.642,"Z":3.2}
{"ID":"N34","X":8.351,"Y":5.642,"Z":5.8}
{"ID":"N35","X":-2.56,"Y":4.971,"Z":0.0}
{"ID":"N36","X":-2.56,"Y":4.971,"Z":0.2}
{"ID":"N37","X":-2.56,"Y":4.971,"Z":3.0}
{"ID":"N38","X":-2.56,"Y":4.971,"Z":3.2}
{"ID":"N39","X":-2.56,"Y":4.971,"Z":5.8}
{"ID":"N40","X":-1.779,"Y":4.971,"Z":0.0}
{"ID":"N41","X":-1.779,"Y":4.971,"Z":0.2}
{"ID":"N42","X":-1.779,"Y":4.971,"Z":3.0}
{"ID":"N43","X":-1.779,"Y":4.971,"Z":3.2}
{"ID":"N44","X":-1.779,"Y":4.971,"Z":5.8}
{"ID":"N45","X":-2.951,"Y":11.352,"Z":0.0}
{"ID":"N46","X":-2.951,"Y":11.352,"Z":0.2}
{"ID":"N47","X":-2.951,"Y":11.352,"Z":3.0}
{"ID":"N48","X":-2.951,"Y":11.352,"Z":3.2}
{"ID":"N49","X":-2.951,"Y":11.352,"Z":5.8}
{"ID":"N50","X":11.612,"Y":1.347,"Z":0.0}
{"ID":"N51","X":11.612,"Y":1.347,"Z":0.2}
{"ID":"N52","X":11.612,"Y":1.347,"Z":2.224145}
{"ID":"N53","X":11.612,"Y":1.347,"Z":2.424145}
{"ID":"N54","X":11.612,"Y":1.347,"Z":4.24829}
{"ID":"N55","X":-7.171,"Y":6.842,"Z":0.0}
{"ID":"N56","X":-7.171,"Y":6.842,"Z":0.2}
{"ID":"N57","X":-7.171,"Y":6.842,"Z":3.0}
{"ID":"N58","X":-7.171,"Y":6.842,"Z":3.2}
{"ID":"N59","X":-7.171,"Y":6.842,"Z":5.8}
{"ID":"N60","X":0.0,"Y":6.842,"Z":0.0}
{"ID":"N61","X":0.0,"Y":6.842,"Z":0.2}
{"ID":"N62","X":0.0,"Y":6.842,"Z":3.0}
{"ID":"N63","X":0.0,"Y":6.842,"Z":3.2}
{"ID":"N64","X":0.0,"Y":6.842,"Z":5.8}
{"ID":"N65","X":3.26,"Y":3.421,"Z":0.0}
{"ID":"N66","X":3.26,"Y":3.421,"Z":0.2}
{"ID":"N67","X":3.26,"Y":3.421,"Z":3.0}
{"ID":"N68","X":3.26,"Y":3.421,"Z":3.2}
{"ID":"N69","X":3.26,"Y":3.421,"Z":5.8}
{"ID":"N70","X":3.26,"Y":5.642,"Z":0.0}
{"ID":"N71","X":3.26,"Y":5.642,"Z":0.2}
{"ID":"N72","X":3.26,"Y":5.642,"Z":3.0}
{"ID":"N73","X":3.26,"Y":5.642,"Z":3.2}
{"ID":"N74","X":3.26,"Y":5.642,"Z":5.8}
{"ID":"N75","X":8.351,"Y":8.65,"Z":0.0}
{"ID":"N76","X":8.351,"Y":8.65,"Z":0.2}
{"ID":"N77","X":8.351,"Y":8.65,"Z":3.0}
{"ID":"N78","X":8.351,"Y":8.65,"Z":3.2}
{"ID":"N79","X":8.351,"Y":8.65,"Z":5.8}
{"ID":"N80","X":3.26,"Y":1.347,"Z":0.0}
{"ID":"N81","X":3.26,"Y":1.347,"Z":0.2}
{"ID":"N82","X":3.26,"Y":1.347,"Z":3.0}
{"ID":"N83","X":3.26,"Y":1.347,"Z":3.2}
{"ID":"N84","X":3.26,"Y":1.347,"Z":5.8}
{"ID":"N85","X":6.521,"Y":-1.662,"Z":0.0}
{"ID":"N86","X":6.521,"Y":-1.662,"Z":0.2}
{"ID":"N87","X":6.521,"Y":-1.662,"Z":1.5}
{"ID":"N88","X":6.521,"Y":-1.662,"Z":1.7}
{"ID":"N89","X":6.521,"Y":-1.662,"Z":2.8}
{"ID":"N90","X":14.037,"Y":3.832,"Z":0.0}
{"ID":"N91","X":14.037,"Y":3.832,"Z":0.2}
{"ID":"N92","X":14.037,"Y":3.832,"Z":2.224145}
{"ID":"N93","X":14.037,"Y":3.832,"Z":2.424145}
{"ID":"N94","X":14.037,"Y":3.832,"Z":4.24829}
{"ID":"N95","X":-2.951,"Y":6.842,"Z":0.0}
{"ID":"N96","X":-2.951,"Y":6.842,"Z":0.2}
{"ID":"N97","X":-2.951,"Y":6.842,"Z":3.0}
{"ID":"N98","X":-2.951,"Y":6.842,"Z":3.2}
{"ID":"N99","X":-2.951,"Y":6.842,"Z":5.8}
{"ID":"N100","X":3.26,"Y":8.65,"Z":0.0}
{"ID":"N101","X":3.26,"Y":8.65,"Z":0.2}
{"ID":"N102","X":3.26,"Y":8.65,"Z":3.0}
{"ID":"N103","X":3.26,"Y":8.65,"Z":3.2}
{"ID":"N104","X":3.26,"Y":8.65,"Z":5.8}
{"ID":"N105","X":14.037,"Y":1.347,"Z":0.0}
{"ID":"N106","X":14.037,"Y":1.347,"Z":0.2}
{"ID":"N107","X":14.037,"Y":1.347,"Z":2.224145}
{"ID":"N108","X":14.037,"Y":1.347,"Z":2.424145}
{"ID":"N109","X":14.037,"Y":1.347,"Z":4.24829}
{"ID":"N110","X":0.0,"Y":3.421,"Z":0.0}
{"ID":"N111","X":0.0,"Y":3.421,"Z":0.2}
{"ID":"N112","X":0.0,"Y":3.421,"Z":3.0}
{"ID":"N113","X":0.0,"Y":3.421,"Z":3.2}
{"ID":"N114","X":0.0,"Y":3.421,"Z":5.8}
{"ID":"N115","X":-2.56,"Y":1.995,"Z":0.0}
{"ID":"N116","X":-2.56,"Y":1.995,"Z":0.2}
{"ID":"N117","X":-2.56,"Y":1.995,"Z":3.0}
{"ID":"N118","X":-2.56,"Y":1.995,"Z":3.2}
{"ID":"N119","X":-2.56,"Y":1.995,"Z":5.8}
{"ID":"N120","X":3.26,"Y":0.0,"Z":0.0}
{"ID":"N121","X":3.26,"Y":0.0,"Z":0.2}
{"ID":"N122","X":3.26,"Y":0.0,"Z":3.0}
{"ID":"N123","X":3.26,"Y":0.0,"Z":3.2}
{"ID":"N124","X":3.26,"Y":0.0,"Z":5.8}
{"ID":"N125","X":3.26,"Y":10.459,"Z":0.0}
{"ID":"N126","X":3.26,"Y":10.459,"Z":0.2}
{"ID":"N127","X":3.26,"Y":10.459,"Z":3.0}
{"ID":"N128","X":3.26,"Y":10.459,"Z":3.2}
{"ID":"N129","X":3.26,"Y":10.459,"Z":5.8}
{"ID":"N130","X":6.521,"Y":1.347,"Z":0.0}
{"ID":"N131","X":6.521,"Y":1.347,"Z":0.2}
{"ID":"N132","X":6.521,"Y":1.347,"Z":3.0}
{"ID":"N133","X":6.521,"Y":1.347,"Z":3.2}
{"ID":"N134","X":6.521,"Y":1.347,"Z":5.8}
{"ID":"N135","X":-1.779,"Y":6.842,"Z":0.0}
{"ID":"N136","X":-1.779,"Y":6.842,"Z":0.2}
{"ID":"N137","X":-1.779,"Y":6.842,"Z":3.0}
{"ID":"N138","X":-1.779,"Y":6.842,"Z":3.2}
{"ID":"N139","X":-1.779,"Y":6.842,"Z":5.8}
{"ID":"N140","X":1.268,"Y":10.459,"Z":0.0}
{"ID":"N141","X":1.268,"Y":10.459,"Z":0.2}
{"ID":"N142","X":1.268,"Y":10.459,"Z":3.0}
{"ID":"N143","X":1.268,"Y":10.459,"Z":3.2}
{"ID":"N144","X":1.268,"Y":10.459,"Z":5.8}
{"ID":"N145","X":11.612,"Y":7.252,"Z":0.0}
{"ID":"N146","X":11.612,"Y":7.252,"Z":0.2}
{"ID":"N147","X":11.612,"Y":7.252,"Z":3.0}
{"ID":"N148","X":11.612,"Y":7.252,"Z":3.2}
{"ID":"N149","X":11.612,"Y":7.252,"Z":5.8}
{"ID":"N150","X":8.351,"Y":7.252,"Z":0.0}
{"ID":"N151","X":8.351,"Y":7.252,"Z":0.2}
{"ID":"N152","X":8.351,"Y":7.252,"Z":3.0}
{"ID":"N153","X":8.351,"Y":7.252,"Z":3.2}
{"ID":"N154","X":8.351,"Y":7.252,"Z":5.8}
{"ID":"N155","X":11.612,"Y":10.673,"Z":0.0}
{"ID":"N156","X":11.612,"Y":10.673,"Z":0.2}
{"ID":"N157","X":11.612,"Y":10.673,"Z":3.0}
{"ID":"N158","X":11.612,"Y":10.673,"Z":3.2}
{"ID":"N159","X":11.612,"Y":10.673,"Z":5.8}
{"ID":"N160","X":0.0,"Y":0.0,"Z":0.0}
{"ID":"N161","X":0.0,"Y":0.0,"Z":0.2}
{"ID":"N162","X":0.0,"Y":0.0,"Z":3.0}
{"ID":"N163","X":0.0,"Y":0.0,"Z":3.2}
{"ID":"N164","X":0.0,"Y":0.0,"Z":5.8}
{"ID":"N165","X":0.0,"Y":4.971,"Z":0.0}
{"ID":"N166","X":0.0,"Y":4.971,"Z":0.2}
{"ID":"N167","X":0.0,"Y":4.971,"Z":3.0}
{"ID":"N168","X":0.0,"Y":4.971,"Z":3.2}
{"ID":"N169","X":0.0,"Y":4.971,"Z":5.8}
{"ID":"N170","X":8.351,"Y":10.673,"Z":0.0}
{"ID":"N171","X":8.351,"Y":10.673,"Z":0.2}
{"ID":"N172","X":8.351,"Y":10.673,"Z":3.0}
{"ID":"N173","X":8.351,"Y":10.673,"Z":3.2}
{"ID":"N174","X":8.351,"Y":10.673,"Z":5.8}
{"ID":"N175","X":1.268,"Y":11.352,"Z":0.0}
{"ID":"N176","X":1.268,"Y":11.352,"Z":0.2}
{"ID":"N177","X":1.268,"Y":11.352,"Z":3.0}
{"ID":"N178","X":1.268,"Y":11.352,"Z":3.2}
{"ID":"N179","X":1.268,"Y":11.352,"Z":5.8}
{"ID":"N180","X":11.612,"Y":-1.662,"Z":0.0}
{"ID":"N181","X":11.612,"Y":-1.662,"Z":0.2}
{"ID":"N182","X":11.612,"Y":-1.662,"Z":1.5}
{"ID":"N183","X":11.612,"Y":-1.662,"Z":1.7}
{"ID":"N184","X":11.612,"Y":-1.662,"Z":2.8}
{"ID":"N185","X":-7.1707339,"Y":6.8415699,"Z":3.0}
{"ID":"N186","X":-7.1707339,"Y":11.3523617,"Z":3.0}
{"ID":"N187","X":-7.1707339,"Y":6.8415699,"Z":5.8}
{"ID":"N188","X":-7.1707339,"Y":11.3523617,"Z":5.8}
{"ID":"N189","X":-2.9513699,"Y":6.8415699,"Z":3.0}
{"ID":"N190","X":-2.9513699,